,amp
0,1.78E-13
1,-7.04E-14
2,3.60E-16
3,8.20E-14
4,1.14E-13
5,1.28E-14
6,1.43E-14
7,1.46E-13
8,7.80E-14
9,7.77E-14
10,1.17E-13
11,2.06E-13
12,1.15E-13
13,2.77E-13
14,1.98E-13
15,3.08E-13
16,3.24E-13
17,3.80E-13
18,3.92E-13
19,5.58E-13
20,6.12E-13
21,7.34E-13
22,7.33E-13
23,1.04E-12
24,1.28E-12
25,1.02E-12
26,1.63E-12
27,1.75E-12
28,1.84E-12
29,2.55E-12
30,2.65E-12
31,3.08E-12
32,3.75E-12
33,4.25E-12
34,4.75E-12
35,5.79E-12
36,6.24E-12
37,7.89E-12
38,8.64E-12
39,9.97E-12
40,1.18E-11
41,1.34E-11
42,1.54E-11
43,1.79E-11
44,2.06E-11
45,2.38E-11
46,2.73E-11
47,3.15E-11
48,3.64E-11
49,4.17E-11
50,4.79E-11
51,5.53E-11
52,6.34E-11
53,7.28E-11
54,8.37E-11
55,9.59E-11
56,1.10E-10
57,1.26E-10
58,1.45E-10
59,1.66E-10
60,1.90E-10
61,2.18E-10
62,2.49E-10
63,2.85E-10
64,3.26E-10
65,3.73E-10
66,4.26E-10
67,4.87E-10
68,5.56E-10
69,6.34E-10
70,7.24E-10
71,8.25E-10
72,9.41E-10
73,1.07E-09
74,1.22E-09
75,1.39E-09
76,1.58E-09
77,1.80E-09
78,2.05E-09
79,2.33E-09
80,2.65E-09
81,3.01E-09
82,3.41E-09
83,3.88E-09
84,4.40E-09
85,4.99E-09
86,5.65E-09
87,6.41E-09
88,7.26E-09
89,8.22E-09
90,9.30E-09
91,1.05E-08
92,1.19E-08
93,1.35E-08
94,1.52E-08
95,1.72E-08
96,1.94E-08
97,2.19E-08
98,2.47E-08
99,2.79E-08
100,3.14E-08
101,3.54E-08
102,3.99E-08
103,4.49E-08
104,5.05E-08
105,5.69E-08
106,6.39E-08
107,7.19E-08
108,8.08E-08
109,9.07E-08
110,1.02E-07
111,1.14E-07
112,1.28E-07
113,1.44E-07
114,1.61E-07
115,1.81E-07
116,2.03E-07
117,2.27E-07
118,2.54E-07
119,2.84E-07
120,3.18E-07
121,3.55E-07
122,3.97E-07
123,4.43E-07
124,4.95E-07
125,5.52E-07
126,6.16E-07
127,6.87E-07
128,7.66E-07
129,8.54E-07
130,9.51E-07
131,1.06E-06
132,1.18E-06
133,1.31E-06
134,1.46E-06
135,1.62E-06
136,1.80E-06
137,2.00E-06
138,2.22E-06
139,2.47E-06
140,2.74E-06
141,3.04E-06
142,3.37E-06
143,3.73E-06
144,4.13E-06
145,4.57E-06
146,5.06E-06
147,5.60E-06
148,6.20E-06
149,6.85E-06
150,7.57E-06
151,8.36E-06
152,9.23E-06
153,1.02E-05
154,1.12E-05
155,1.24E-05
156,1.37E-05
157,1.51E-05
158,1.66E-05
159,1.83E-05
160,2.01E-05
161,2.21E-05
162,2.43E-05
163,2.68E-05
164,2.94E-05
165,3.23E-05
166,3.55E-05
167,3.89E-05
168,4.27E-05
169,4.68E-05
170,5.13E-05
171,5.63E-05
172,6.16E-05
173,6.75E-05
174,7.39E-05
175,8.08E-05
176,8.84E-05
177,9.66E-05
178,0.000105602
179,0.000115356
180,0.00012596
181,0.000137484
182,0.000150002
183,0.000163596
184,0.00017835
185,0.000194356
186,0.000211716
187,0.000230533
188,0.000250923
189,0.000273008
190,0.000296918
191,0.000322793
192,0.000350784
193,0.000381049
194,0.000413761
195,0.000449102
196,0.000487268
197,0.000528466
198,0.000572918
199,0.000620863
200,0.000672552
201,0.000728253
202,0.000788254
203,0.000852858
204,0.000922389
205,0.000997192
206,0.001077631
207,0.001164095
208,0.001256996
209,0.00135677
210,0.00146388
211,0.001578817
212,0.0017021
213,0.001834279
214,0.001975935
215,0.002127684
216,0.002290174
217,0.002464092
218,0.002650161
219,0.002849147
220,0.003061854
221,0.003289132
222,0.003531873
223,0.003791019
224,0.004067561
225,0.004362538
226,0.004677046
227,0.005012231
228,0.005369301
229,0.00574952
230,0.006154214
231,0.006584774
232,0.007042653
233,0.007529376
234,0.008046535
235,0.008595796
236,0.009178898
237,0.009797659
238,0.010453972
239,0.011149816
240,0.011887249
241,0.012668418
242,0.013495556
243,0.014370985
244,0.01529712
245,0.01627647
246,0.01731164
247,0.01840533
248,0.019560344
249,0.020779583
250,0.022066053
251,0.023422864
252,0.024853231
253,0.026360477
254,0.027948032
255,0.029619437
256,0.03137834
257,0.033228501
258,0.035173791
259,0.037218192
260,0.039365797
261,0.041620811
262,0.043987548
263,0.046470434
264,0.049074002
265,0.051802894
266,0.054661858
267,0.057655747
268,0.060789517
269,0.064068223
270,0.067497019
271,0.071081151
272,0.074825959
273,0.078736868
274,0.082819386
275,0.087079103
276,0.091521678
277,0.096152841
278,0.100978385
279,0.106004159
280,0.111236061
281,0.116680033
282,0.122342053
283,0.128228128
284,0.134344282
285,0.140696552
286,0.147290976
287,0.154133587
288,0.161230396
289,0.168587392
290,0.17621052
291,0.18410568
292,0.192278707
293,0.200735366
294,0.209481336
295,0.218522195
296,0.227863415
297,0.237510339
298,0.247468176
299,0.257741981
300,0.268336643
301,0.279256872
302,0.29050718
303,0.302091874
304,0.314015032
305,0.326280494
306,0.338891844
307,0.351852398
308,0.365165183
309,0.378832927
310,0.392858043
311,0.407242609
312,0.421988362
313,0.437096672
314,0.452568538
315,0.468404565
316,0.484604957
317,0.501169496
318,0.518097535
319,0.535387981
320,0.553039285
321,0.571049427
322,0.589415907
323,0.608135734
324,0.627205414
325,0.646620943
326,0.666377796
327,0.686470918
328,0.706894723
329,0.727643079
330,0.74870931
331,0.770086186
332,0.791765924
333,0.813740182
334,0.83600006
335,0.858536098
336,0.881338279
337,0.904396026
338,0.927698214
339,0.951233163
340,0.974988652
341,0.998951923
342,1.023109689
343,1.047448142
344,1.071952964
345,1.09660934
346,1.121401969
347,1.146315081
348,1.171332448
349,1.196437404
350,1.221612861
351,1.246841332
352,1.272104944
353,1.297385466
354,1.322664329
355,1.347922648
356,1.373141248
357,1.398300693
358,1.423381304
359,1.448363197
360,1.473226301
361,1.497950398
362,1.522515141
363,1.546900096
364,1.571084764
365,1.59504862
366,1.618771139
367,1.642231835
368,1.665410289
369,1.688286183
370,1.710839338
371,1.733049741
372,1.754897585
373,1.776363296
374,1.797427575
375,1.818071423
376,1.838276178
377,1.85802355
378,1.877295647
379,1.896075012
380,1.914344653
381,1.932088072
382,1.949289294
383,1.9659329
384,1.98200405
385,1.997488512
386,2.012372689
387,2.026643641
388,2.04028911
389,2.053297544
390,2.065658113
391,2.077360734
392,2.088396085
393,2.098755625
394,2.108431606
395,2.117417088
396,2.125705952
397,2.133292909
398,2.140173508
399,2.146344146
400,2.15180207
401,2.156545382
402,2.160573041
403,2.163884864
404,2.166481524
405,2.168364544
406,2.169536299
407,2.17
408,2.169759695
409,2.168820253
410,2.167187354
411,2.164867479
412,2.161867891
413,2.158196621
414,2.15386245
415,2.148874893
416,2.143244174
417,2.136981207
418,2.130097574
419,2.122605499
420,2.114517827
421,2.105847992
422,2.096609995
423,2.086818374
424,2.076488176
425,2.065634929
426,2.054274607
427,2.042423607
428,2.03009871
429,2.017317056
430,2.004096109
431,1.990453625
432,1.97640762
433,1.961976337
434,1.947178218
435,1.932031864
436,1.916556009
437,1.900769485
438,1.884691193
439,1.868340069
440,1.851735054
441,1.834895064
442,1.81783896
443,1.800585518
444,1.783153402
445,1.765561136
446,1.747827075
447,1.72996938
448,1.712005994
449,1.693954616
450,1.675832679
451,1.657657325
452,1.639445387
453,1.621213366
454,1.602977413
455,1.584753313
456,1.566556462
457,1.548401858
458,1.530304082
459,1.512277289
460,1.494335188
461,1.476491039
462,1.45875764
463,1.441147315
464,1.423671912
465,1.406342793
466,1.389170829
467,1.372166397
468,1.355339377
469,1.338699147
470,1.322254587
471,1.306014074
472,1.289985486
473,1.274176204
474,1.258593113
475,1.24324261
476,1.228130601
477,1.213262516
478,1.198643308
479,1.184277463
480,1.170169009
481,1.156321521
482,1.142738134
483,1.129421548
484,1.116374043
485,1.103597487
486,1.091093346
487,1.078862701
488,1.066906252
489,1.055224337
490,1.043816941
491,1.03268371
492,1.021823963
493,1.011236707
494,1.000920649
495,0.990874211
496,0.981095538
497,0.971582522
498,0.962332803
499,0.953343794
500,0.944612685
501,0.936136464
502,0.927911923
503,0.919935678
504,0.912204176
505,0.904713713
506,0.897460441
507,0.890440383
508,0.883649448
509,0.877083435
510,0.870738052
511,0.864608923
512,0.8586916
513,0.852981572
514,0.847474277
515,0.842165111
516,0.837049436
517,0.832122593
518,0.827379905
519,0.822816689
520,0.818428264
521,0.814209956
522,0.810157108
523,0.806265085
524,0.80252928
525,0.798945122
526,0.79550808
527,0.792213669
528,0.789057454
529,0.786035056
530,0.783142155
531,0.780374496
532,0.777727888
533,0.775198214
534,0.772781427
535,0.770473558
536,0.768270715
537,0.766169088
538,0.764164948
539,0.762254648
540,0.760434629
541,0.758701417
542,0.757051624
543,0.75548195
544,0.753989183
545,0.752570199
546,0.751221962
547,0.749941524
548,0.748726025
549,0.747572691
550,0.746478834
551,0.745441855
552,0.744459236
553,0.743528544
554,0.742647431
555,0.741813627
556,0.741024944
557,0.740279272
558,0.73957458
559,0.738908911
560,0.738280383
561,0.737687186
562,0.737127583
563,0.736599904
564,0.736102547
565,0.735633977
566,0.735192722
567,0.734777373
568,0.734386579
569,0.734019051
570,0.733673556
571,0.733348914
572,0.733044
573,0.732757741
574,0.732489112
575,0.732237138
576,0.732000889
577,0.73177948
578,0.731572069
579,0.731377856
580,0.731196079
581,0.731026017
582,0.730866982
583,0.730718325
584,0.730579428
585,0.730449706
586,0.730328606
587,0.730215604
588,0.730110203
589,0.730011934
590,0.729920355
591,0.729835046
592,0.729755612
593,0.729681681
594,0.729612901
595,0.72954894
596,0.729489486
597,0.729434246
598,0.729382942
599,0.729335314
600,0.729291119
601,0.729250125
602,0.729212118
603,0.729176895
604,0.729144266
605,0.729114052
606,0.729086087
607,0.729060214
608,0.729036287
609,0.729014169
610,0.728993733
611,0.728974857
612,0.728957431
613,0.728941349
614,0.728926515
615,0.728912838
616,0.728900232
617,0.728888618
618,0.728877924
619,0.72886808
620,0.728859022
621,0.728850692
622,0.728843033
623,0.728835996
624,0.728829532
625,0.728823597
626,0.72881815
627,0.728813152
628,0.72880857
629,0.72880437
630,0.728800521
631,0.728796997
632,0.72879377
633,0.728790818
634,0.728788117
635,0.728785648
636,0.728783391
637,0.72878133
638,0.728779447
639,0.728777729
640,0.728776161
641,0.728774731
642,0.728773428
643,0.72877224
644,0.728771158
645,0.728770173
646,0.728769276
647,0.728768461
648,0.728767719
649,0.728767045
650,0.728766432
651,0.728765876
652,0.728765371
653,0.728764913
654,0.728764497
655,0.72876412
656,0.728763778
657,0.728763469
658,0.728763189
659,0.728762935
660,0.728762705
661,0.728762498
662,0.72876231
663,0.728762141
664,0.728761987
665,0.728761849
666,0.728761724
667,0.728761611
668,0.72876151
669,0.728761418
670,0.728761336
671,0.728761261
672,0.728761195
673,0.728761134
674,0.72876108
675,0.728761031
676,0.728760988
677,0.728760948
678,0.728760913
679,0.728760881
680,0.728760853
681,0.728760827
682,0.728760804
683,0.728760784
684,0.728760766
685,0.728760749
686,0.728760734
687,0.728760721
688,0.728760709
689,0.728760699
690,0.728760689
691,0.728760681
692,0.728760674
693,0.728760667
694,0.728760661
695,0.728760656
696,0.728760651
697,0.728760647
698,0.728760643
699,0.728760639
700,0.728760636
701,0.728760634
702,0.728760631
703,0.728760629
704,0.728760627
705,0.728760626
706,0.728760624
707,0.728760623
708,0.728760622
709,0.728760621
710,0.72876062
711,0.728760619
712,0.728760618
713,0.728760618
714,0.728760617
715,0.728760617
716,0.728760616
717,0.728760616
718,0.728760615
719,0.728760615
720,0.728760615
721,0.728760615
722,0.728760614
723,0.728760614
724,0.728760614
725,0.728760614
726,0.728760614
727,0.728760614
728,0.728760614
729,0.728760614
730,0.728760613
731,0.728760613
732,0.728760613
733,0.728760613
734,0.728760613
735,0.728760613
736,0.728760613
737,0.728760613
738,0.728760613
739,0.728760613
740,0.728760613
741,0.728760613
742,0.728760613
743,0.728760613
744,0.728760613
745,0.728760613
746,0.728760613
747,0.728760613
748,0.728760613
749,0.728760613
750,0.728760613
751,0.728760613
752,0.728760613
753,0.728760613
754,0.728760613
755,0.728760613
756,0.728760613
757,0.728760613
758,0.728760613
759,0.728760613
760,0.728760613
761,0.728760613
762,0.728760613
763,0.728760613
764,0.728760613
765,0.728760613
766,0.728760613
767,0.728760613
768,0.728760613
769,0.728760613
770,0.728760613
771,0.728760613
772,0.728760613
773,0.728760613
774,0.728760613
775,0.728760613
776,0.728760613
777,0.728760613
778,0.728760613
779,0.728760613
780,0.728760613
781,0.728760613
782,0.728760613
783,0.728760613
784,0.728760613
785,0.728760613
786,0.728760613
787,0.728760613
788,0.728760613
789,0.728760613
790,0.728760613
791,0.728760613
792,0.728760613
793,0.728760613
794,0.728760613
795,0.728760613
796,0.728760613
797,0.728760613
798,0.728760613
799,0.728760613
800,0.728760613
801,0.728760613
802,0.728760613
803,0.728760613
804,0.728760613
805,0.728760613
806,0.728760613
807,0.728760613
808,0.728760613
809,0.728760613
810,0.728760613
811,0.728760613
812,0.728760613
813,0.728760613
814,0.728760613
815,0.728760613
816,0.728760613
817,0.728760613
818,0.728760613
819,0.728760613
820,0.728760613
821,0.728760613
822,0.728760613
823,0.728760613
824,0.728760613
825,0.728760613
826,0.728760613
827,0.728760613
828,0.728760613
829,0.728760613
830,0.728760613
831,0.728760613
832,0.728760613
833,0.728760613
834,0.728760613
835,0.728760613
836,0.728760613
837,0.728760613
838,0.728760613
839,0.728760613
840,0.728760613
841,0.728760613
842,0.728760613
843,0.728760613
844,0.728760613
845,0.728760613
846,0.728760613
847,0.728760613
848,0.728760613
849,0.728760613
850,0.728760613
851,0.728760613
852,0.728760613
853,0.728760613
854,0.728760613
855,0.728760613
856,0.728760613
857,0.728760613
858,0.728760613
859,0.728760613
860,0.728760613
861,0.728760613
862,0.728760613
863,0.728760613
864,0.728760613
865,0.728760613
866,0.728760613
867,0.728760612
868,0.728760612
869,0.728760612
870,0.728760612
871,0.728760612
872,0.728760612
873,0.728760612
874,0.728760612
875,0.728760612
876,0.728760611
877,0.728760611
878,0.728760611
879,0.728760611
880,0.72876061
881,0.72876061
882,0.72876061
883,0.728760609
884,0.728760609
885,0.728760608
886,0.728760607
887,0.728760607
888,0.728760606
889,0.728760605
890,0.728760604
891,0.728760602
892,0.728760601
893,0.7287606
894,0.728760598
895,0.728760596
896,0.728760594
897,0.728760591
898,0.728760588
899,0.728760585
900,0.728760582
901,0.728760578
902,0.728760573
903,0.728760568
904,0.728760562
905,0.728760556
906,0.728760549
907,0.728760541
908,0.728760532
909,0.728760522
910,0.728760511
911,0.728760499
912,0.728760485
913,0.728760469
914,0.728760452
915,0.728760432
916,0.72876041
917,0.728760386
918,0.728760359
919,0.728760329
920,0.728760295
921,0.728760258
922,0.728760216
923,0.72876017
924,0.728760118
925,0.728760061
926,0.728759997
927,0.728759926
928,0.728759847
929,0.728759759
930,0.728759662
931,0.728759554
932,0.728759434
933,0.728759301
934,0.728759154
935,0.728758991
936,0.728758811
937,0.728758611
938,0.72875839
939,0.728758146
940,0.728757876
941,0.728757577
942,0.728757247
943,0.728756883
944,0.728756481
945,0.728756038
946,0.728755549
947,0.728755011
948,0.728754417
949,0.728753763
950,0.728753044
951,0.728752252
952,0.72875138
953,0.728750422
954,0.72874937
955,0.728748213
956,0.728746943
957,0.728745549
958,0.728744019
959,0.728742341
960,0.728740501
961,0.728738485
962,0.728736277
963,0.728733859
964,0.728731213
965,0.728728317
966,0.728725151
967,0.72872169
968,0.728717908
969,0.728713777
970,0.728709267
971,0.728704346
972,0.728698977
973,0.728693123
974,0.728686742
975,0.72867979
976,0.72867222
977,0.728663978
978,0.728655011
979,0.728645257
980,0.728634653
981,0.728623129
982,0.728610611
983,0.728597017
984,0.728582263
985,0.728566256
986,0.728548897
987,0.72853008
988,0.72850969
989,0.728487605
990,0.728463695
991,0.72843782
992,0.728409829
993,0.728379564
994,0.728346852
995,0.728311511
996,0.728273345
997,0.728232147
998,0.728187694
999,0.72813975
1000,0.728088061
1001,0.72803236
1002,0.727972359
1003,0.727907755
1004,0.727838224
1005,0.727763421
1006,0.727682982
1007,0.727596518
1008,0.727503617
1009,0.727403843
1010,0.727296733
1011,0.727181796
1012,0.727058513
1013,0.726926334
1014,0.726784678
1015,0.726632929
1016,0.726470439
1017,0.726296521
1018,0.726110451
1019,0.725911466
1020,0.725698759
1021,0.725471481
1022,0.72522874
1023,0.724969593
1024,0.724693052
1025,0.724398075
1026,0.724083567
1027,0.723748382
1028,0.723391312
1029,0.723011093
1030,0.722606399
1031,0.722175839
1032,0.72171796
1033,0.721231237
1034,0.720714078
1035,0.720164817
1036,0.719581715
1037,0.718962954
1038,0.718306641
1039,0.717610797
1040,0.716873364
1041,0.716092195
1042,0.715265057
1043,0.714389628
1044,0.713463493
1045,0.712484143
1046,0.711448973
1047,0.710355283
1048,0.709200269
1049,0.70798103
1050,0.70669456
1051,0.705337749
1052,0.703907382
1053,0.702400136
1054,0.70081258
1055,0.699141176
1056,0.697382273
1057,0.695532112
1058,0.693586822
1059,0.691542421
1060,0.689394816
1061,0.687139802
1062,0.684773065
1063,0.682290179
1064,0.679686611
1065,0.676957719
1066,0.674098755
1067,0.671104866
1068,0.667971096
1069,0.66469239
1070,0.661263594
1071,0.657679462
1072,0.653934654
1073,0.650023745
1074,0.645941227
1075,0.64168151
1076,0.637238935
1077,0.632607772
1078,0.627782228
1079,0.622756454
1080,0.617524552
1081,0.61208058
1082,0.60641856
1083,0.600532485
1084,0.594416331
1085,0.588064061
1086,0.581469637
1087,0.574627026
1088,0.567530217
1089,0.560173221
1090,0.552550093
1091,0.544654933
1092,0.536481906
1093,0.528025247
1094,0.519279277
1095,0.510238418
1096,0.500897198
1097,0.491250274
1098,0.481292437
1099,0.471018632
1100,0.46042397
1101,0.449503741
1102,0.438253433
1103,0.426668739
1104,0.414745581
1105,0.402480119
1106,0.389868769
1107,0.376908215
1108,0.36359543
1109,0.349927686
1110,0.33590257
1111,0.321518004
1112,0.306772251
1113,0.291663941
1114,0.276192075
1115,0.260356048
1116,0.244155656
1117,0.227591117
1118,0.210663078
1119,0.193372632
1120,0.175721328
1121,0.157711186
1122,0.139344706
1123,0.120624879
1124,0.101555199
1125,0.08213967
1126,0.062382817
1127,0.042289695
1128,0.02186589
1129,0.001117534
1130,-0.019948697
1131,-0.041325573
1132,-0.063005311
1133,-0.084979569
1134,-0.107239447
1135,-0.129775485
1136,-0.152577666
1137,-0.175635414
1138,-0.198937601
1139,-0.22247255
1140,-0.246228039
1141,-0.27019131
1142,-0.294349076
1143,-0.318687529
1144,-0.343192351
1145,-0.367848727
1146,-0.392641357
1147,-0.417554468
1148,-0.442571835
1149,-0.467676791
1150,-0.492852248
1151,-0.518080719
1152,-0.543344331
1153,-0.568624853
1154,-0.593903716
1155,-0.619162035
1156,-0.644380635
1157,-0.66954008
1158,-0.694620691
1159,-0.719602584
1160,-0.744465688
1161,-0.769189785
1162,-0.793754528
1163,-0.818139483
1164,-0.842324151
1165,-0.866288007
1166,-0.890010526
1167,-0.913471222
1168,-0.936649676
1169,-0.959525571
1170,-0.982078725
1171,-1.004289128
1172,-1.026136972
1173,-1.047602683
1174,-1.068666962
1175,-1.08931081
1176,-1.109515565
1177,-1.129262937
1178,-1.148535034
1179,-1.167314399
1180,-1.18558404
1181,-1.203327459
1182,-1.220528681
1183,-1.237172287
1184,-1.253243437
1185,-1.268727899
1186,-1.283612076
1187,-1.297883028
1188,-1.311528497
1189,-1.324536931
1190,-1.3368975
1191,-1.348600121
1192,-1.359635472
1193,-1.369995012
1194,-1.379670993
1195,-1.388656475
1196,-1.396945339
1197,-1.404532296
1198,-1.411412895
1199,-1.417583533
1200,-1.423041457
1201,-1.427784769
1202,-1.431812428
1203,-1.435124251
1204,-1.437720911
1205,-1.439603931
1206,-1.440775686
1207,-1.441239387
1208,-1.440999082
1209,-1.44005964
1210,-1.438426741
1211,-1.436106866
1212,-1.433107278
1213,-1.429436008
1214,-1.425101837
1215,-1.42011428
1216,-1.414483561
1217,-1.408220594
1218,-1.401336961
1219,-1.393844886
1220,-1.385757214
1221,-1.377087379
1222,-1.367849382
1223,-1.358057761
1224,-1.347727563
1225,-1.336874316
1226,-1.325513994
1227,-1.313662994
1228,-1.301338097
1229,-1.288556443
1230,-1.275335496
1231,-1.261693012
1232,-1.247647007
1233,-1.233215724
1234,-1.218417605
1235,-1.203271251
1236,-1.187795396
1237,-1.172008872
1238,-1.15593058
1239,-1.139579456
1240,-1.122974441
1241,-1.106134451
1242,-1.089078347
1243,-1.071824905
1244,-1.054392789
1245,-1.036800523
1246,-1.019066462
1247,-1.001208767
1248,-0.983245381
1249,-0.965194003
1250,-0.947072066
1251,-0.928896712
1252,-0.910684774
1253,-0.892452753
1254,-0.8742168
1255,-0.8559927
1256,-0.837795849
1257,-0.819641245
1258,-0.801543469
1259,-0.783516676
1260,-0.765574575
1261,-0.747730426
1262,-0.729997027
1263,-0.712386702
1264,-0.694911299
1265,-0.67758218
1266,-0.660410216
1267,-0.643405784
1268,-0.626578764
1269,-0.609938534
1270,-0.593493974
1271,-0.577253461
1272,-0.561224873
1273,-0.545415591
1274,-0.5298325
1275,-0.514481997
1276,-0.499369988
1277,-0.484501903
1278,-0.469882695
1279,-0.45551685
1280,-0.441408396
1281,-0.427560908
1282,-0.413977521
1283,-0.400660935
1284,-0.38761343
1285,-0.374836874
1286,-0.362332733
1287,-0.350102088
1288,-0.338145639
1289,-0.326463724
1290,-0.315056328
1291,-0.303923097
1292,-0.29306335
1293,-0.282476094
1294,-0.272160036
1295,-0.262113598
1296,-0.252334925
1297,-0.242821909
1298,-0.23357219
1299,-0.224583181
1300,-0.215852072
1301,-0.207375851
1302,-0.19915131
1303,-0.191175065
1304,-0.183443563
1305,-0.1759531
1306,-0.168699828
1307,-0.16167977
1308,-0.154888835
1309,-0.148322822
1310,-0.141977439
1311,-0.13584831
1312,-0.129930987
1313,-0.124220959
1314,-0.118713664
1315,-0.113404498
1316,-0.108288823
1317,-0.10336198
1318,-0.098619292
1319,-0.094056076
1320,-0.089667651
1321,-0.085449343
1322,-0.081396495
1323,-0.077504472
1324,-0.073768667
1325,-0.07018451
1326,-0.066747468
1327,-0.063453056
1328,-0.060296841
1329,-0.057274443
1330,-0.054381542
1331,-0.051613883
1332,-0.048967275
1333,-0.046437601
1334,-0.044020814
1335,-0.041712945
1336,-0.039510102
1337,-0.037408475
1338,-0.035404335
1339,-0.033494035
1340,-0.031674016
1341,-0.029940804
1342,-0.028291011
1343,-0.026721337
1344,-0.02522857
1345,-0.023809586
1346,-0.022461349
1347,-0.021180911
1348,-0.019965412
1349,-0.018812078
1350,-0.017718221
1351,-0.016681242
1352,-0.015698623
1353,-0.014767932
1354,-0.013886818
1355,-0.013053014
1356,-0.012264331
1357,-0.011518659
1358,-0.010813967
1359,-0.010148298
1360,-0.00951977
1361,-0.008926573
1362,-0.00836697
1363,-0.007839291
1364,-0.007341934
1365,-0.006873364
1366,-0.006432109
1367,-0.00601676
1368,-0.005625966
1369,-0.005258438
1370,-0.004912943
1371,-0.004588301
1372,-0.004283387
1373,-0.003997128
1374,-0.003728499
1375,-0.003476525
1376,-0.003240276
1377,-0.003018867
1378,-0.002811456
1379,-0.002617243
1380,-0.002435466
1381,-0.002265404
1382,-0.002106369
1383,-0.001957712
1384,-0.001818815
1385,-0.001689093
1386,-0.001567993
1387,-0.001454991
1388,-0.00134959
1389,-0.001251321
1390,-0.001159742
1391,-0.001074433
1392,-0.000994999
1393,-0.000921068
1394,-0.000852288
1395,-0.000788327
1396,-0.000728873
1397,-0.000673633
1398,-0.000622329
1399,-0.000574702
1400,-0.000530506
1401,-0.000489513
1402,-0.000451505
1403,-0.000416282
1404,-0.000383653
1405,-0.000353439
1406,-0.000325474
1407,-0.000299601
1408,-0.000275674
1409,-0.000253556
1410,-0.00023312
1411,-0.000214244
1412,-0.000196818
1413,-0.000180736
1414,-0.000165902
1415,-0.000152225
1416,-0.000139619
1417,-0.000128005
1418,-0.000117311
1419,-0.000107467
1420,-9.84E-05
1421,-9.01E-05
1422,-8.24E-05
1423,-7.54E-05
1424,-6.89E-05
1425,-6.30E-05
1426,-5.75E-05
1427,-5.25E-05
1428,-4.80E-05
1429,-4.38E-05
1430,-3.99E-05
1431,-3.64E-05
1432,-3.32E-05
1433,-3.02E-05
1434,-2.75E-05
1435,-2.50E-05
1436,-2.28E-05
1437,-2.07E-05
1438,-1.88E-05
1439,-1.71E-05
1440,-1.55E-05
1441,-1.41E-05
1442,-1.28E-05
1443,-1.16E-05
1444,-1.05E-05
1445,-9.56E-06
1446,-8.66E-06
1447,-7.85E-06
1448,-7.11E-06
1449,-6.43E-06
1450,-5.82E-06
1451,-5.26E-06
1452,-4.76E-06
1453,-4.30E-06
1454,-3.88E-06
1455,-3.51E-06
1456,-3.17E-06
1457,-2.86E-06
1458,-2.58E-06
1459,-2.32E-06
1460,-2.09E-06
1461,-1.88E-06
1462,-1.70E-06
1463,-1.53E-06
1464,-1.37E-06
1465,-1.24E-06
1466,-1.11E-06
1467,-9.99E-07
1468,-8.97E-07
1469,-8.05E-07
1470,-7.23E-07
1471,-6.49E-07
1472,-5.82E-07
1473,-5.21E-07
1474,-4.67E-07
1475,-4.19E-07
1476,-3.75E-07
1477,-3.35E-07
1478,-3.00E-07
1479,-2.68E-07
1480,-2.40E-07
1481,-2.14E-07
1482,-1.91E-07
1483,-1.71E-07
1484,-1.53E-07
1485,-1.36E-07
1486,-1.21E-07
1487,-1.08E-07
1488,-9.64E-08
1489,-8.59E-08
1490,-7.65E-08
1491,-6.81E-08
1492,-6.06E-08
1493,-5.39E-08
1494,-4.79E-08
1495,-4.25E-08
1496,-3.78E-08
1497,-3.36E-08
1498,-2.98E-08
1499,-2.64E-08
1500,-2.34E-08
1501,-2.08E-08
1502,-1.84E-08
1503,-1.63E-08
1504,-1.44E-08
1505,-1.28E-08
1506,-1.13E-08
1507,-9.99E-09
1508,-8.83E-09
1509,-7.81E-09
1510,-6.90E-09
1511,-6.09E-09
1512,-5.37E-09
1513,-4.74E-09
1514,-4.18E-09
1515,-3.68E-09
1516,-3.25E-09
1517,-2.86E-09
1518,-2.52E-09
1519,-2.22E-09
1520,-1.95E-09
1521,-1.71E-09
1522,-1.51E-09
1523,-1.32E-09
1524,-1.16E-09
1525,-1.02E-09
1526,-8.96E-10
1527,-7.86E-10
1528,-6.89E-10
1529,-6.04E-10
1530,-5.30E-10
1531,-4.64E-10
1532,-4.06E-10
1533,-3.55E-10
1534,-3.11E-10
1535,-2.72E-10
1536,-2.38E-10
1537,-2.08E-10
1538,-1.81E-10
1539,-1.58E-10
1540,-1.38E-10
1541,-1.21E-10
1542,-1.05E-10
1543,-9.17E-11
1544,-7.98E-11
1545,-6.96E-11
1546,-6.06E-11
1547,-5.27E-11
1548,-4.58E-11
1549,-4.00E-11
1550,-3.45E-11
1551,-3.02E-11
1552,-2.61E-11
1553,-2.28E-11
1554,-1.96E-11
1555,-1.71E-11
1556,-1.47E-11
1557,-1.30E-11
1558,-1.11E-11
1559,-9.76E-12
1560,-8.29E-12
1561,-7.26E-12
1562,-6.06E-12
1563,-5.54E-12
1564,-4.72E-12
1565,-4.04E-12
1566,-3.35E-12
1567,-3.04E-12
1568,-2.63E-12
1569,-2.32E-12
1570,-1.93E-12
1571,-1.59E-12
1572,-1.43E-12
1573,-1.27E-12
1574,-1.02E-12
1575,-9.11E-13
1576,-7.94E-13
1577,-7.60E-13
1578,-5.36E-13
1579,-5.14E-13
1580,-2.97E-13
1581,-5.55E-13
1582,-3.34E-13
1583,-1.32E-13
1584,-1.82E-13
1585,-3.78E-13
1586,-1.58E-13
1587,-4.25E-14
1588,-2.22E-13
1589,-9.88E-14
1590,-5.20E-14
1591,-8.40E-14
1592,-6.81E-15
1593,-1.39E-13
1594,1.27E-13
1595,-1.89E-13
1596,-7.85E-14
1597,-1.59E-14
1598,1.66E-14
1599,4.49E-14
1600,1.09E-14
1601,-1.51E-13
1602,-3.68E-14
1603,1.09E-13
1604,7.72E-15
1605,-1.20E-13
1606,4.84E-14
1607,1.83E-14
1608,-2.99E-14
1609,-2.63E-14
1610,-6.38E-14
1611,1.23E-14
1612,1.29E-13
1613,-1.26E-13
1614,2.33E-14
1615,-9.43E-14
1616,2.21E-13
1617,-1.21E-13
1618,-1.54E-14
1619,3.21E-14
1620,1.43E-13
1621,-3.57E-13
1622,8.63E-14
1623,1.46E-13
1624,1.10E-13
1625,-2.11E-13
1626,6.32E-14
1627,-4.95E-14
1628,6.39E-14
1629,-6.26E-14
1630,3.43E-14
1631,1.18E-13
1632,-5.96E-14
1633,-3.49E-14
1634,-1.95E-14
1635,-6.51E-14
1636,1.58E-13
1637,-1.24E-13
1638,3.75E-14
1639,6.84E-14
1640,9.55E-15
1641,-1.28E-13
1642,4.69E-14
1643,-2.86E-14
1644,5.77E-14
1645,-1.92E-14
1646,2.28E-14
1647,-1.84E-14
1648,-4.57E-14
1649,2.27E-14
1650,2.17E-14
1651,-5.07E-14
1652,5.15E-14
1653,-2.69E-14
1654,1.24E-14
1655,4.40E-14
1656,-6.33E-14
1657,2.21E-15
1658,-5.75E-14
1659,2.32E-13
1660,-9.43E-14
1661,-1.68E-13
1662,6.28E-14
1663,6.85E-14
1664,4.56E-14
1665,-1.50E-13
1666,4.73E-14
1667,9.65E-14
1668,-2.27E-14
1669,-3.64E-14
1670,4.64E-14
1671,-1.42E-13
1672,1.55E-13
1673,-1.26E-13
1674,1.13E-13
1675,-1.35E-13
1676,1.24E-13
1677,1.04E-13
1678,-9.02E-14
1679,-9.78E-14
1680,-5.12E-16
1681,1.72E-14
1682,4.19E-14
1683,5.56E-14
1684,-9.95E-14
1685,3.83E-14
1686,6.69E-14
1687,-1.24E-13
1688,4.08E-14
1689,6.59E-15
1690,7.97E-14
1691,-5.93E-14
1692,8.46E-15
1693,-1.29E-13
1694,9.04E-14
1695,1.34E-13
1696,-1.65E-13
1697,-3.95E-15
1698,3.91E-14
1699,6.79E-14
